option_type,strike,creation,maturity,mark_price,last_price,mark_iv,index_price
call,63000.0,2024-05-23 18:11:00,2024-05-25 08:00:00,0.0852,0.079,100.0,68777.9
put,63000.0,2024-05-23 18:11:00,2024-05-25 08:00:00,0.0001,0.0001,100.0,68777.9
put,64000.0,2024-05-22 08:01:00,2024-05-25 08:00:00,0.0002,0.0003,89.28,68777.9
put,65000.0,2024-05-22 08:01:00,2024-05-25 08:00:00,0.0003,0.0009,77.7,68777.55
call,65500.0,2024-05-23 18:11:00,2024-05-25 08:00:00,0.0491,0.0415,68.96,68777.55
put,65500.0,2024-05-23 18:11:00,2024-05-25 08:00:00,0.0003,0.0003,68.96,68777.55
call,66000.0,2024-05-22 08:01:00,2024-05-25 08:00:00,0.0419,0.034,60.14,68777.55
put,66000.0,2024-05-22 08:01:00,2024-05-25 08:00:00,0.0003,0.0019,60.14,68777.55
call,66500.0,2024-05-23 17:51:00,2024-05-25 08:00:00,0.0347,0.0265,53.59,68777.55
put,66500.0,2024-05-23 17:51:00,2024-05-25 08:00:00,0.0004,0.0006,53.62,68778.49
put,67000.0,2024-05-22 08:01:00,2024-05-25 08:00:00,0.0007,0.007,50.9,68778.49
put,67500.0,2024-05-22 08:01:00,2024-05-25 08:00:00,0.0009,0.007,43.64,68778.49
call,68000.0,2024-05-22 08:01:00,2024-05-25 08:00:00,0.0142,0.003,38.82,68778.77
put,68000.0,2024-05-22 08:01:00,2024-05-25 08:00:00,0.0016,0.0012,38.82,68778.77
call,68500.0,2024-05-22 08:01:00,2024-05-25 08:00:00,0.0085,0.0125,35.29,68778.77
put,68500.0,2024-05-22 08:01:00,2024-05-25 08:00:00,0.0031,0.0085,35.29,68778.77
call,69000.0,2024-05-22 08:01:00,2024-05-25 08:00:00,0.0041,0.0034,32.92,68777.55
put,69000.0,2024-05-22 08:01:00,2024-05-25 08:00:00,0.006,0.0105,32.99,68780.22
call,69500.0,2024-05-22 08:01:00,2024-05-25 08:00:00,0.002,0.0006,34.98,68780.22
put,69500.0,2024-05-22 08:01:00,2024-05-25 08:00:00,0.0111,0.0135,34.98,68780.22
call,70000.0,2024-05-22 08:01:00,2024-05-25 08:00:00,0.0008,0.0006,36.43,68780.22
put,70000.0,2024-05-22 08:01:00,2024-05-25 08:00:00,0.0173,0.017,36.43,68780.22
call,70500.0,2024-05-22 08:01:00,2024-05-25 08:00:00,0.0004,0.0005,40.3,68780.57
put,70500.0,2024-05-22 08:01:00,2024-05-25 08:00:00,0.0241,0.038,40.3,68780.57
call,71000.0,2024-05-22 08:01:00,2024-05-25 08:00:00,0.0003,0.0002,45.95,68780.57
call,71500.0,2024-05-22 08:01:00,2024-05-25 08:00:00,0.0003,0.0017,54.36,68780.57
call,72000.0,2024-05-22 08:01:00,2024-05-25 08:00:00,0.0002,0.0003,56.41,68781.27
put,72000.0,2024-05-22 08:01:00,2024-05-25 08:00:00,0.0456,0.0465,56.41,68781.27
call,73000.0,2024-05-22 08:01:00,2024-05-25 08:00:00,0.0,0.0001,56.41,68781.27
put,73000.0,2024-05-22 08:01:00,2024-05-25 08:00:00,0.06,0.0585,56.41,68781.27
call,74000.0,2024-05-22 08:01:00,2024-05-25 08:00:00,0.0,0.002,56.41,68781.27
put,74000.0,2024-05-22 08:01:00,2024-05-25 08:00:00,0.0745,0.0865,56.41,68781.27
put,62000.0,2024-05-23 18:06:00,2024-05-26 08:00:00,0.0001,0.0003,71.0,68782.02
put,63000.0,2024-05-23 13:40:00,2024-05-26 08:00:00,0.0002,0.0003,63.56,68782.02
call,64000.0,2024-05-23 08:01:00,2024-05-26 08:00:00,0.0733,0.051,55.37,68782.02
put,64000.0,2024-05-23 08:01:00,2024-05-26 08:00:00,0.0002,0.001,55.37,68782.02
put,65000.0,2024-05-23 08:01:00,2024-05-26 08:00:00,0.0004,0.0033,49.55,68781.95
put,65500.0,2024-05-23 18:44:00,2024-05-26 08:00:00,0.0005,0.0009,46.42,68781.95
call,66000.0,2024-05-23 08:01:00,2024-05-26 08:00:00,0.0448,0.0335,44.18,68781.95
put,66000.0,2024-05-23 08:01:00,2024-05-26 08:00:00,0.0007,0.0013,44.19,68782.94
call,66500.0,2024-05-23 17:40:00,2024-05-26 08:00:00,0.0377,0.024,40.31,68782.94
call,67000.0,2024-05-23 08:01:00,2024-05-26 08:00:00,0.0307,0.024,36.48,68781.95
put,67000.0,2024-05-23 08:01:00,2024-05-26 08:00:00,0.0011,0.005,36.5,68782.94
call,67500.0,2024-05-23 08:01:00,2024-05-26 08:00:00,0.0241,0.0001,34.04,68782.94
put,67500.0,2024-05-23 08:01:00,2024-05-26 08:00:00,0.0017,0.0034,34.05,68786.42
call,68000.0,2024-05-23 08:01:00,2024-05-26 08:00:00,0.018,0.0125,32.47,68786.42
call,68500.0,2024-05-23 08:01:00,2024-05-26 08:00:00,0.0126,0.01,31.01,68786.42
call,69500.0,2024-05-23 08:01:00,2024-05-26 08:00:00,0.0055,0.0021,32.16,68786.51
put,69500.0,2024-05-23 08:01:00,2024-05-26 08:00:00,0.012,0.0145,32.16,68786.51
call,70000.0,2024-05-23 08:01:00,2024-05-26 08:00:00,0.0032,0.0022,32.23,68786.51
put,70000.0,2024-05-23 08:01:00,2024-05-26 08:00:00,0.017,0.018,32.23,68786.51
call,71000.0,2024-05-23 08:01:00,2024-05-26 08:00:00,0.0011,0.0135,34.13,68787.63
call,72000.0,2024-05-23 08:01:00,2024-05-26 08:00:00,0.0005,0.0004,37.83,68787.68
put,72000.0,2024-05-23 08:01:00,2024-05-26 08:00:00,0.0432,0.0685,37.9,68787.68
call,73000.0,2024-05-23 08:01:00,2024-05-26 08:00:00,0.0005,0.0003,47.88,68787.68
call,75000.0,2024-05-23 08:01:00,2024-05-26 08:00:00,0.0001,0.0002,49.47,68787.76
put,61000.0,2024-05-24 08:27:00,2024-05-27 08:00:00,0.0001,0.0001,63.63,68787.76
put,63000.0,2024-05-24 08:00:03,2024-05-27 08:00:00,0.0003,0.0009,54.13,68788.79
put,67500.0,2024-05-24 08:00:03,2024-05-27 08:00:00,0.0031,0.0022,34.93,68791.42
call,68000.0,2024-05-24 08:00:03,2024-05-27 08:00:00,0.0215,0.01,31.4,68791.42
put,69000.0,2024-05-24 08:00:03,2024-05-27 08:00:00,0.0093,0.019,32.6,68794.04
call,69500.0,2024-05-24 13:06:00,2024-05-27 08:00:00,0.0093,0.009,33.6,68794.04
call,70000.0,2024-05-24 08:00:03,2024-05-27 08:00:00,0.0066,0.007,33.94,68789.61
call,30000.0,2024-02-21 08:01:00,2024-05-31 08:00:00,0.5708,0.4345,100.0,68788.99
call,38000.0,2024-02-21 08:01:00,2024-05-31 08:00:00,0.4564,0.343,100.0,68789.91
put,38000.0,2024-02-21 08:01:00,2024-05-31 08:00:00,0.0,0.0002,100.0,68789.91
call,40000.0,2024-02-21 08:01:00,2024-05-31 08:00:00,0.4278,0.4165,100.0,68789.49
put,40000.0,2024-02-21 08:01:00,2024-05-31 08:00:00,0.0,0.0001,100.0,68789.49
call,42000.0,2024-02-21 08:01:00,2024-05-31 08:00:00,0.3992,0.38,100.0,68789.49
put,42000.0,2024-02-21 08:01:00,2024-05-31 08:00:00,0.0,0.0018,100.0,68789.49
call,44000.0,2024-02-21 08:01:00,2024-05-31 08:00:00,0.3706,0.357,100.0,68789.54
put,44000.0,2024-02-21 08:01:00,2024-05-31 08:00:00,0.0,0.0001,100.0,68789.54
call,45000.0,2024-02-21 08:01:00,2024-05-31 08:00:00,0.3563,0.3355,100.0,68789.54
call,46000.0,2024-02-21 08:01:00,2024-05-31 08:00:00,0.342,0.327,100.0,68791.15
put,46000.0,2024-02-21 08:01:00,2024-05-31 08:00:00,0.0,0.0007,100.0,68791.15
call,47000.0,2024-02-21 08:01:00,2024-05-31 08:00:00,0.3277,0.31,100.0,68791.15
put,47000.0,2024-02-21 08:01:00,2024-05-31 08:00:00,0.0,0.0004,100.0,68791.15
put,48000.0,2024-02-21 08:01:00,2024-05-31 08:00:00,0.0001,0.0004,100.0,68791.0
call,49000.0,2024-02-21 08:01:00,2024-05-31 08:00:00,0.2992,0.2895,100.0,68791.0
put,49000.0,2024-02-21 08:01:00,2024-05-31 08:00:00,0.0001,0.0003,100.0,68791.0
call,50000.0,2024-02-21 08:01:00,2024-05-31 08:00:00,0.2849,0.266,97.64,68791.0
put,50000.0,2024-02-21 08:01:00,2024-05-31 08:00:00,0.0002,0.0001,97.64,68791.0
call,51000.0,2024-02-21 08:01:00,2024-05-31 08:00:00,0.2706,0.245,92.39,68791.07
put,51000.0,2024-02-21 08:01:00,2024-05-31 08:00:00,0.0002,0.0003,92.39,68791.07
call,52000.0,2024-02-21 08:01:00,2024-05-31 08:00:00,0.2563,0.271,87.23,68791.07
put,52000.0,2024-02-21 08:01:00,2024-05-31 08:00:00,0.0002,0.0001,87.23,68791.07
call,53000.0,2024-02-21 08:01:00,2024-05-31 08:00:00,0.242,0.257,82.15,68791.07
put,53000.0,2024-02-21 08:01:00,2024-05-31 08:00:00,0.0002,0.0011,82.15,68791.32
call,54000.0,2024-02-21 08:01:00,2024-05-31 08:00:00,0.2277,0.243,77.13,68791.32
put,54000.0,2024-02-21 08:01:00,2024-05-31 08:00:00,0.0002,0.0013,77.13,68791.32
call,55000.0,2024-02-21 08:01:00,2024-05-31 08:00:00,0.2135,0.2,76.3,68791.32
put,55000.0,2024-02-21 08:01:00,2024-05-31 08:00:00,0.0003,0.0003,76.3,68791.32
call,56000.0,2024-02-21 08:01:00,2024-05-31 08:00:00,0.1992,0.2,71.2,68791.32
put,56000.0,2024-02-21 08:01:00,2024-05-31 08:00:00,0.0003,0.0004,71.2,68791.47
call,57000.0,2024-02-21 08:01:00,2024-05-31 08:00:00,0.185,0.1665,69.84,68791.47
put,57000.0,2024-02-21 08:01:00,2024-05-31 08:00:00,0.0004,0.0007,69.84,68791.47
put,58000.0,2024-02-21 08:01:00,2024-05-31 08:00:00,0.0005,0.0012,65.87,68791.47
call,59000.0,2024-02-21 08:01:00,2024-05-31 08:00:00,0.1566,0.1675,62.07,68791.47
put,59000.0,2024-02-21 08:01:00,2024-05-31 08:00:00,0.0006,0.0012,62.07,68791.45
call,60000.0,2024-02-21 08:01:00,2024-05-31 08:00:00,0.1424,0.1535,59.05,68791.45
put,60000.0,2024-02-21 08:01:00,2024-05-31 08:00:00,0.0007,0.0007,59.05,68791.45
call,61000.0,2024-02-21 08:01:00,2024-05-31 08:00:00,0.1283,0.1395,55.86,68791.45
put,61000.0,2024-02-21 08:01:00,2024-05-31 08:00:00,0.0009,0.0009,55.86,68791.45
call,62000.0,2024-02-21 08:01:00,2024-05-31 08:00:00,0.1143,0.1255,53.0,68791.45
put,62000.0,2024-02-21 08:01:00,2024-05-31 08:00:00,0.0012,0.0011,53.0,68791.6
call,63000.0,2024-02-22 10:44:00,2024-05-31 08:00:00,0.1003,0.085,48.84,68791.6
put,63000.0,2024-02-22 10:44:00,2024-05-31 08:00:00,0.0015,0.0015,48.84,68791.6
call,64000.0,2024-02-21 08:01:00,2024-05-31 08:00:00,0.087,0.1129,48.81,68791.6
put,64000.0,2024-02-21 08:01:00,2024-05-31 08:00:00,0.0025,0.0021,48.81,68791.6
call,65000.0,2024-02-26 20:13:00,2024-05-31 08:00:00,0.074,0.094,47.32,68791.6
put,65000.0,2024-02-26 20:13:00,2024-05-31 08:00:00,0.0038,0.0032,47.32,68792.12
call,66000.0,2024-02-21 08:01:00,2024-05-31 08:00:00,0.0612,0.0728,45.21,68792.12
call,67000.0,2024-02-27 05:50:00,2024-05-31 08:00:00,0.0498,0.0535,44.73,68792.12
put,67000.0,2024-02-27 05:50:00,2024-05-31 08:00:00,0.0082,0.0175,44.73,68792.12
call,68000.0,2024-02-21 08:01:00,2024-05-31 08:00:00,0.0393,0.04,43.9,68793.47
call,69000.0,2024-02-27 16:27:00,2024-05-31 08:00:00,0.0305,0.031,44.14,68793.47
put,69000.0,2024-02-27 16:27:00,2024-05-31 08:00:00,0.0175,0.016,44.14,68793.47
call,70000.0,2024-02-21 08:01:00,2024-05-31 08:00:00,0.0231,0.023,44.47,68793.47
put,70000.0,2024-02-21 08:01:00,2024-05-31 08:00:00,0.0244,0.023,44.47,68793.47
put,71000.0,2024-02-28 12:04:00,2024-05-31 08:00:00,0.0327,0.029,44.81,68792.63
put,72000.0,2024-02-21 08:01:00,2024-05-31 08:00:00,0.0441,0.0335,48.88,68792.63
call,73000.0,2024-02-28 17:25:00,2024-05-31 08:00:00,0.0102,0.0085,48.88,68792.63
put,73000.0,2024-02-28 17:25:00,2024-05-31 08:00:00,0.0544,0.1555,48.88,68792.63
call,74000.0,2024-02-21 08:01:00,2024-05-31 08:00:00,0.0095,0.0095,55.03,68792.77
put,74000.0,2024-02-21 08:01:00,2024-05-31 08:00:00,0.0681,0.096,55.03,68792.77
call,75000.0,2024-02-21 08:01:00,2024-05-31 08:00:00,0.0069,0.0041,55.03,68792.77
put,75000.0,2024-02-21 08:01:00,2024-05-31 08:00:00,0.0798,0.116,55.03,68792.77
put,76000.0,2024-02-26 20:10:00,2024-05-31 08:00:00,0.0921,0.129,55.03,68792.77
put,77000.0,2024-03-04 11:39:00,2024-05-31 08:00:00,0.1049,0.088,54.9,68792.65
call,78000.0,2024-02-27 05:11:00,2024-05-31 08:00:00,0.0023,0.0048,54.9,68792.65
put,78000.0,2024-02-27 05:11:00,2024-05-31 08:00:00,0.1181,0.1457,54.9,68792.65
call,79000.0,2024-03-04 13:41:00,2024-05-31 08:00:00,0.0016,0.0042,54.9,68792.65
put,79000.0,2024-03-04 13:41:00,2024-05-31 08:00:00,0.1316,0.172,54.9,68792.65
call,80000.0,2024-02-21 08:01:00,2024-05-31 08:00:00,0.001,0.0025,54.86,68792.76
put,80000.0,2024-02-21 08:01:00,2024-05-31 08:00:00,0.1454,0.181,54.86,68792.76
call,81000.0,2024-03-04 21:40:00,2024-05-31 08:00:00,0.0009,0.0013,58.06,68792.76
put,81000.0,2024-03-04 21:40:00,2024-05-31 08:00:00,0.1596,0.195,58.06,68792.76
call,82000.0,2024-02-28 11:36:00,2024-05-31 08:00:00,0.0009,0.0025,61.59,68792.76
put,82000.0,2024-02-28 11:36:00,2024-05-31 08:00:00,0.1739,0.315,61.59,68792.76
call,83000.0,2024-03-10 05:22:00,2024-05-31 08:00:00,0.0009,0.126,65.42,68792.76
call,84000.0,2024-02-28 12:48:00,2024-05-31 08:00:00,0.0006,0.0007,65.42,68792.76
put,84000.0,2024-02-28 12:48:00,2024-05-31 08:00:00,0.2022,0.364,65.42,68792.76
call,85000.0,2024-02-21 08:01:00,2024-05-31 08:00:00,0.0004,0.0006,65.42,68792.76
put,85000.0,2024-02-21 08:01:00,2024-05-31 08:00:00,0.2164,0.3805,65.42,68792.84
call,86000.0,2024-02-28 17:26:00,2024-05-31 08:00:00,0.0004,0.0029,67.27,68792.84
call,88000.0,2024-02-29 08:39:00,2024-05-31 08:00:00,0.0003,0.001,70.43,68792.84
call,90000.0,2024-02-21 08:01:00,2024-05-31 08:00:00,0.0001,0.0005,70.44,68793.0
call,92000.0,2024-03-04 17:03:00,2024-05-31 08:00:00,0.0002,0.0004,79.1,68793.0
call,94000.0,2024-03-04 20:08:00,2024-05-31 08:00:00,0.0001,0.0004,79.1,68793.0
call,95000.0,2024-02-21 08:01:00,2024-05-31 08:00:00,0.0001,0.026,79.1,68792.37
call,96000.0,2024-03-08 18:48:00,2024-05-31 08:00:00,0.0001,0.0004,87.56,68792.37
call,100000.0,2024-02-21 08:01:00,2024-05-31 08:00:00,0.0,0.0003,87.56,68792.84
call,52000.0,2024-05-09 08:01:00,2024-06-07 08:00:00,0.2647,0.249,69.59,68793.35
put,52000.0,2024-05-09 08:01:00,2024-06-07 08:00:00,0.0004,0.0015,69.59,68793.35
call,54000.0,2024-05-09 08:01:00,2024-06-07 08:00:00,0.2366,0.217,65.36,68793.35
put,54000.0,2024-05-09 08:01:00,2024-06-07 08:00:00,0.0006,0.0009,65.36,68793.39
put,56000.0,2024-05-09 08:01:00,2024-06-07 08:00:00,0.0008,0.0015,59.38,68793.39
call,58000.0,2024-05-09 08:01:00,2024-06-07 08:00:00,0.1806,0.16,55.29,68793.39
put,58000.0,2024-05-09 08:01:00,2024-06-07 08:00:00,0.0012,0.0016,55.29,68793.39
call,60000.0,2024-05-09 08:01:00,2024-06-07 08:00:00,0.1531,0.1325,52.14,68793.48
put,60000.0,2024-05-09 08:01:00,2024-06-07 08:00:00,0.002,0.0017,52.14,68793.48
call,61000.0,2024-05-09 08:01:00,2024-06-07 08:00:00,0.1395,0.1154,50.45,68793.48
put,61000.0,2024-05-09 08:01:00,2024-06-07 08:00:00,0.0025,0.0038,50.45,68793.48
call,62000.0,2024-05-09 08:01:00,2024-06-07 08:00:00,0.1262,0.1385,49.45,68793.48
put,62000.0,2024-05-09 08:01:00,2024-06-07 08:00:00,0.0034,0.0055,49.45,68793.48
call,63000.0,2024-05-09 08:01:00,2024-06-07 08:00:00,0.1134,0.0205,48.93,68793.46
put,63000.0,2024-05-09 08:01:00,2024-06-07 08:00:00,0.0048,0.0065,48.93,68793.46
put,64000.0,2024-05-09 08:01:00,2024-06-07 08:00:00,0.006,0.0085,47.12,68793.46
call,65000.0,2024-05-09 08:01:00,2024-06-07 08:00:00,0.0886,0.07,46.85,68793.46
put,65000.0,2024-05-09 08:01:00,2024-06-07 08:00:00,0.0082,0.015,46.85,68793.46
call,66000.0,2024-05-09 08:01:00,2024-06-07 08:00:00,0.0769,0.059,45.94,68793.24
put,66000.0,2024-05-09 08:01:00,2024-06-07 08:00:00,0.0107,0.019,45.94,68793.24
call,67000.0,2024-05-09 08:01:00,2024-06-07 08:00:00,0.0663,0.05,45.66,68793.24
put,67000.0,2024-05-09 08:01:00,2024-06-07 08:00:00,0.0142,0.025,45.66,68793.24
call,68000.0,2024-05-09 08:01:00,2024-06-07 08:00:00,0.0562,0.042,44.98,68793.24
put,68000.0,2024-05-09 08:01:00,2024-06-07 08:00:00,0.0183,0.026,44.98,68793.24
call,69000.0,2024-05-09 16:33:00,2024-06-07 08:00:00,0.0478,0.0345,45.57,68793.49
put,69000.0,2024-05-09 16:33:00,2024-06-07 08:00:00,0.024,0.0265,45.57,68793.49
call,70000.0,2024-05-09 08:01:00,2024-06-07 08:00:00,0.0398,0.029,45.45,68793.49
put,70000.0,2024-05-09 08:01:00,2024-06-07 08:00:00,0.0301,0.044,45.45,68793.49
call,71000.0,2024-05-15 16:32:00,2024-06-07 08:00:00,0.0328,0.0235,45.43,68793.49
call,72000.0,2024-05-09 19:27:00,2024-06-07 08:00:00,0.0268,0.019,45.55,68794.13
put,72000.0,2024-05-09 19:27:00,2024-06-07 08:00:00,0.0454,0.0645,45.55,68794.13
call,73000.0,2024-05-15 23:23:00,2024-06-07 08:00:00,0.0267,0.0155,52.55,68794.13
put,73000.0,2024-05-15 23:23:00,2024-06-07 08:00:00,0.0595,0.0765,52.55,68794.13
call,74000.0,2024-05-15 19:14:00,2024-06-07 08:00:00,0.022,0.0125,52.55,68794.13
put,74000.0,2024-05-15 19:14:00,2024-06-07 08:00:00,0.069,0.1155,52.55,68797.27
call,75000.0,2024-05-09 08:01:00,2024-06-07 08:00:00,0.018,0.01,52.55,68797.27
call,76000.0,2024-05-17 19:01:00,2024-06-07 08:00:00,0.0146,0.009,52.55,68797.27
put,76000.0,2024-05-17 19:01:00,2024-06-07 08:00:00,0.0898,0.111,52.55,68797.27
put,80000.0,2024-05-09 08:01:00,2024-06-07 08:00:00,0.1439,0.1715,66.63,68795.99
call,90000.0,2024-05-09 08:01:00,2024-06-07 08:00:00,0.0027,0.0009,72.69,68796.07
call,56000.0,2024-05-16 08:00:03,2024-06-14 08:00:00,0.2123,0.192,54.95,68795.91
put,56000.0,2024-05-16 08:00:03,2024-06-14 08:00:00,0.0016,0.0024,54.95,68795.91
put,58000.0,2024-05-16 08:00:03,2024-06-14 08:00:00,0.0031,0.004,54.84,68795.91
put,62000.0,2024-05-16 08:00:03,2024-06-14 08:00:00,0.0067,0.0095,49.27,68795.06
put,63000.0,2024-05-16 08:00:03,2024-06-14 08:00:00,0.0087,0.0135,49.0,68795.06
call,64000.0,2024-05-16 08:00:03,2024-06-14 08:00:00,0.109,0.197,48.62,68795.06
put,64000.0,2024-05-16 08:00:03,2024-06-14 08:00:00,0.0111,0.0215,48.62,68795.14
call,65000.0,2024-05-16 08:00:03,2024-06-14 08:00:00,0.098,0.0782,48.62,68795.14
put,65000.0,2024-05-16 08:00:03,2024-06-14 08:00:00,0.0142,0.0215,48.62,68795.14
call,66000.0,2024-05-16 08:00:03,2024-06-14 08:00:00,0.0874,0.061,48.34,68795.14
put,66000.0,2024-05-16 08:00:03,2024-06-14 08:00:00,0.0177,0.027,48.34,68795.14
put,67000.0,2024-05-16 08:00:03,2024-06-14 08:00:00,0.0218,0.0235,48.01,68795.29
call,68000.0,2024-05-16 08:00:03,2024-06-14 08:00:00,0.0683,0.162,48.01,68795.29
put,68000.0,2024-05-16 08:00:03,2024-06-14 08:00:00,0.0268,0.03,48.01,68795.29
call,69000.0,2024-05-16 08:00:03,2024-06-14 08:00:00,0.0599,0.0475,48.12,68795.29
call,70000.0,2024-05-16 08:00:03,2024-06-14 08:00:00,0.0523,0.04,48.27,68795.29
put,70000.0,2024-05-16 08:00:03,2024-06-14 08:00:00,0.039,0.043,48.27,68795.3
call,71000.0,2024-05-16 08:00:03,2024-06-14 08:00:00,0.0447,0.041,47.7,68795.3
put,71000.0,2024-05-16 08:00:03,2024-06-14 08:00:00,0.0455,0.0007,47.7,68795.3
call,72000.0,2024-05-16 08:00:03,2024-06-14 08:00:00,0.0392,0.0335,48.6,68795.3
put,72000.0,2024-05-16 08:00:03,2024-06-14 08:00:00,0.0541,0.078,48.6,68795.3
call,73000.0,2024-05-16 08:00:03,2024-06-14 08:00:00,0.0332,0.033,48.26,68797.12
put,73000.0,2024-05-16 08:00:03,2024-06-14 08:00:00,0.0622,0.348,48.26,68797.12
call,74000.0,2024-05-16 08:00:03,2024-06-14 08:00:00,0.0314,0.022,51.82,68797.12
call,76000.0,2024-05-16 08:00:03,2024-06-14 08:00:00,0.0229,0.0195,51.82,68797.84
put,76000.0,2024-05-16 08:00:03,2024-06-14 08:00:00,0.0941,0.114,51.82,68797.84
call,78000.0,2024-05-20 20:05:00,2024-06-14 08:00:00,0.0163,0.0155,51.82,68797.84
call,80000.0,2024-05-16 08:00:03,2024-06-14 08:00:00,0.0114,0.0125,51.83,68796.32
call,90000.0,2024-05-16 08:00:03,2024-06-14 08:00:00,0.0026,0.006,58.02,68796.19
call,10000.0,2023-06-28 08:00:02,2024-06-28 08:00:00,0.8601,0.8314,100.0,68797.42
call,20000.0,2023-06-28 08:00:02,2024-06-28 08:00:00,0.7202,0.669,100.0,68797.42
put,20000.0,2023-06-28 08:00:02,2024-06-28 08:00:00,0.0,0.0001,100.0,68797.42
call,22000.0,2023-06-28 08:00:02,2024-06-28 08:00:00,0.6922,0.736,100.0,68797.42
put,22000.0,2023-06-28 08:00:02,2024-06-28 08:00:00,0.0,0.0001,100.0,68797.42
call,24000.0,2023-06-28 08:00:02,2024-06-28 08:00:00,0.6642,0.616,100.0,68797.42
put,25000.0,2023-10-24 02:42:00,2024-06-28 08:00:00,0.0,0.0005,100.0,68797.43
call,26000.0,2023-06-28 08:00:02,2024-06-28 08:00:00,0.6363,0.6223,100.0,68797.43
put,26000.0,2023-06-28 08:00:02,2024-06-28 08:00:00,0.0,0.0001,100.0,68797.43
put,28000.0,2023-06-28 08:00:02,2024-06-28 08:00:00,0.0001,0.0004,100.0,68797.43
put,30000.0,2023-06-28 08:00:02,2024-06-28 08:00:00,0.0001,0.0001,100.0,68797.34
call,32000.0,2023-06-28 08:00:02,2024-06-28 08:00:00,0.5523,0.4595,83.93,68797.34
put,32000.0,2023-06-28 08:00:02,2024-06-28 08:00:00,0.0,0.0018,83.93,68797.34
call,34000.0,2023-06-28 08:00:02,2024-06-28 08:00:00,0.5244,0.4265,83.93,68797.34
put,34000.0,2023-06-28 08:00:02,2024-06-28 08:00:00,0.0001,0.0003,83.93,68797.34
call,35000.0,2023-08-18 00:41:00,2024-06-28 08:00:00,0.5105,0.501,83.93,68797.34
put,35000.0,2023-08-18 00:41:00,2024-06-28 08:00:00,0.0002,0.0006,83.93,68797.34
call,36000.0,2023-06-28 08:00:02,2024-06-28 08:00:00,0.4965,0.4625,80.52,68797.34
put,36000.0,2023-06-28 08:00:02,2024-06-28 08:00:00,0.0001,0.0008,80.52,68797.34
put,38000.0,2023-06-28 08:00:02,2024-06-28 08:00:00,0.0003,0.0003,80.52,68797.34
put,40000.0,2023-06-28 08:00:02,2024-06-28 08:00:00,0.0006,0.0013,80.52,68797.43
call,42000.0,2023-10-24 02:43:00,2024-06-28 08:00:00,0.4132,0.4705,77.24,68797.43
put,42000.0,2023-10-24 02:43:00,2024-06-28 08:00:00,0.0008,0.0007,77.24,68797.43
put,44000.0,2023-11-09 03:47:00,2024-06-28 08:00:00,0.0009,0.0014,72.82,68797.43
put,45000.0,2023-06-28 08:00:02,2024-06-28 08:00:00,0.001,0.0016,70.36,68797.44
call,46000.0,2023-11-15 23:08:00,2024-06-28 08:00:00,0.3576,0.371,69.24,68797.44
put,46000.0,2023-11-15 23:08:00,2024-06-28 08:00:00,0.0012,0.0016,69.24,68797.44
call,48000.0,2023-12-03 17:12:00,2024-06-28 08:00:00,0.3299,0.24,65.55,68797.44
put,48000.0,2023-12-03 17:12:00,2024-06-28 08:00:00,0.0015,0.002,65.55,68797.44
call,50000.0,2023-06-28 08:00:02,2024-06-28 08:00:00,0.3025,0.308,62.91,68797.44
put,50000.0,2023-06-28 08:00:02,2024-06-28 08:00:00,0.002,0.0022,62.91,68797.44
call,52000.0,2023-12-05 21:12:00,2024-06-28 08:00:00,0.2752,0.1835,59.94,68797.44
put,52000.0,2023-12-05 21:12:00,2024-06-28 08:00:00,0.0027,0.0031,59.94,68797.44
call,54000.0,2024-01-02 05:03:00,2024-06-28 08:00:00,0.2483,0.2665,57.84,68797.44
put,54000.0,2024-01-02 05:03:00,2024-06-28 08:00:00,0.0038,0.0065,57.84,68798.12
call,55000.0,2023-11-10 16:08:00,2024-06-28 08:00:00,0.2349,0.2435,56.67,68798.12
put,55000.0,2023-11-10 16:08:00,2024-06-28 08:00:00,0.0044,0.0045,56.67,68798.12
call,56000.0,2024-01-08 22:46:00,2024-06-28 08:00:00,0.2218,0.2385,55.88,68798.12
put,56000.0,2024-01-08 22:46:00,2024-06-28 08:00:00,0.0053,0.0065,55.88,68798.12
call,58000.0,2024-02-12 19:41:00,2024-06-28 08:00:00,0.196,0.2085,54.12,68798.12
put,58000.0,2024-02-12 19:41:00,2024-06-28 08:00:00,0.0075,0.0095,54.12,68798.12
call,60000.0,2023-06-28 08:00:02,2024-06-28 08:00:00,0.1716,0.0595,53.35,68797.82
put,60000.0,2023-06-28 08:00:02,2024-06-28 08:00:00,0.011,0.019,53.35,68797.82
call,62000.0,2024-02-26 20:10:00,2024-06-28 08:00:00,0.1481,0.138,52.35,68797.82
put,62000.0,2024-02-26 20:10:00,2024-06-28 08:00:00,0.0155,0.0175,52.35,68797.77
call,64000.0,2024-02-27 05:44:00,2024-06-28 08:00:00,0.1265,0.1125,51.97,68797.77
put,64000.0,2024-02-27 05:44:00,2024-06-28 08:00:00,0.0219,0.028,51.97,68797.77
call,65000.0,2024-01-08 22:06:00,2024-06-28 08:00:00,0.1163,0.103,51.8,68797.77
put,65000.0,2024-01-08 22:06:00,2024-06-28 08:00:00,0.0257,0.033,51.8,68797.77
call,66000.0,2024-02-27 14:26:00,2024-06-28 08:00:00,0.1067,0.094,51.67,68797.77
call,68000.0,2024-02-28 12:04:00,2024-06-28 08:00:00,0.0891,0.0805,51.67,68797.77
put,68000.0,2024-02-28 12:04:00,2024-06-28 08:00:00,0.0405,0.05,51.67,68797.77
call,70000.0,2023-06-28 08:00:02,2024-06-28 08:00:00,0.0738,0.066,51.86,68797.77
put,70000.0,2023-06-28 08:00:02,2024-06-28 08:00:00,0.0531,0.1895,51.86,68797.77
call,72000.0,2024-02-29 08:43:00,2024-06-28 08:00:00,0.061,0.057,52.51,68797.77
put,72000.0,2024-02-29 08:43:00,2024-06-28 08:00:00,0.0683,0.0665,52.51,68797.77
call,74000.0,2024-03-04 11:39:00,2024-06-28 08:00:00,0.0493,0.049,52.43,68797.77
put,74000.0,2024-03-04 11:39:00,2024-06-28 08:00:00,0.0846,0.086,52.43,68797.77
call,75000.0,2024-02-27 05:55:00,2024-06-28 08:00:00,0.0443,0.038,52.55,68797.77
put,75000.0,2024-02-27 05:55:00,2024-06-28 08:00:00,0.0936,0.108,52.55,68797.77
put,78000.0,2024-03-05 01:50:00,2024-06-28 08:00:00,0.1237,0.275,53.56,68797.76
put,80000.0,2023-06-28 08:00:02,2024-06-28 08:00:00,0.1479,0.1725,56.53,68797.82
call,85000.0,2024-02-29 15:36:00,2024-06-28 08:00:00,0.0247,0.014,66.64,68797.82
put,85000.0,2024-02-29 15:36:00,2024-06-28 08:00:00,0.2139,0.19,66.66,68797.83
call,90000.0,2023-11-09 04:41:00,2024-06-28 08:00:00,0.015,0.009,66.66,68797.83
put,90000.0,2023-11-09 04:41:00,2024-06-28 08:00:00,0.2742,0.4075,66.66,68798.12
call,95000.0,2024-03-11 12:21:00,2024-06-28 08:00:00,0.0089,0.006,66.66,68798.12
put,95000.0,2024-03-11 12:21:00,2024-06-28 08:00:00,0.338,0.4845,66.66,68798.12
put,100000.0,2023-12-04 22:19:00,2024-06-28 08:00:00,0.4042,0.5625,66.66,68798.12
call,110000.0,2024-02-15 00:35:00,2024-06-28 08:00:00,0.0016,0.0029,66.67,68806.44
call,120000.0,2024-02-28 08:23:00,2024-06-28 08:00:00,0.0005,0.0026,66.67,68806.44
call,140000.0,2024-03-08 15:31:00,2024-06-28 08:00:00,0.0,0.0006,66.72,68811.1
call,40000.0,2024-04-24 08:01:00,2024-07-26 08:00:00,0.45,0.4405,68.35,68811.22
put,40000.0,2024-04-24 08:01:00,2024-07-26 08:00:00,0.0013,0.0028,68.35,68811.47
call,44000.0,2024-04-24 08:01:00,2024-07-26 08:00:00,0.3957,0.3255,63.3,68813.52
put,44000.0,2024-04-24 08:01:00,2024-07-26 08:00:00,0.0022,0.0049,63.3,68813.52
call,45000.0,2024-05-01 11:10:00,2024-07-26 08:00:00,0.3822,0.3745,62.36,68813.52
put,45000.0,2024-05-01 11:10:00,2024-07-26 08:00:00,0.0025,0.01,62.36,68817.77
call,46000.0,2024-04-24 08:01:00,2024-07-26 08:00:00,0.3689,0.366,61.46,68817.77
put,46000.0,2024-04-24 08:01:00,2024-07-26 08:00:00,0.0029,0.0115,61.46,68817.77
call,48000.0,2024-04-24 08:01:00,2024-07-26 08:00:00,0.3425,0.276,60.34,68817.42
put,48000.0,2024-04-24 08:01:00,2024-07-26 08:00:00,0.0041,0.005,60.35,68817.76
call,50000.0,2024-04-24 08:01:00,2024-07-26 08:00:00,0.3162,0.241,58.5,68818.31
put,50000.0,2024-04-24 08:01:00,2024-07-26 08:00:00,0.0054,0.009,58.5,68818.31
call,52000.0,2024-04-24 08:01:00,2024-07-26 08:00:00,0.2905,0.2005,57.23,68818.64
put,52000.0,2024-04-24 08:01:00,2024-07-26 08:00:00,0.0072,0.008,57.23,68818.64
call,53000.0,2024-04-24 08:01:00,2024-07-26 08:00:00,0.2781,0.2445,57.03,68818.64
put,53000.0,2024-04-24 08:01:00,2024-07-26 08:00:00,0.0086,0.022,57.03,68818.55
call,54000.0,2024-04-24 08:01:00,2024-07-26 08:00:00,0.2659,0.222,57.03,68818.55
put,54000.0,2024-04-24 08:01:00,2024-07-26 08:00:00,0.0102,0.0105,57.03,68818.55
call,55000.0,2024-04-24 08:01:00,2024-07-26 08:00:00,0.2537,0.2176,56.49,68821.59
put,55000.0,2024-04-24 08:01:00,2024-07-26 08:00:00,0.0117,0.0235,56.49,68821.59
call,56000.0,2024-04-24 08:01:00,2024-07-26 08:00:00,0.2416,0.182,56.06,68821.59
put,56000.0,2024-04-24 08:01:00,2024-07-26 08:00:00,0.0135,0.0195,56.06,68821.59
call,57000.0,2024-04-24 08:01:00,2024-07-26 08:00:00,0.2301,0.162,55.98,68821.73
put,57000.0,2024-04-24 08:01:00,2024-07-26 08:00:00,0.0157,0.024,55.98,68821.73
call,58000.0,2024-04-24 08:01:00,2024-07-26 08:00:00,0.2186,0.152,55.62,68821.73
put,58000.0,2024-04-24 08:01:00,2024-07-26 08:00:00,0.018,0.024,55.62,68821.68
call,59000.0,2024-04-24 08:01:00,2024-07-26 08:00:00,0.2074,0.143,55.37,68821.68
put,59000.0,2024-04-24 08:01:00,2024-07-26 08:00:00,0.0206,0.0205,55.37,68821.68
call,60000.0,2024-04-24 08:01:00,2024-07-26 08:00:00,0.1968,0.2785,55.38,68821.69
put,60000.0,2024-04-24 08:01:00,2024-07-26 08:00:00,0.0237,0.031,55.38,68821.69
call,61000.0,2024-04-24 08:01:00,2024-07-26 08:00:00,0.1864,0.308,55.38,68821.69
put,61000.0,2024-04-24 08:01:00,2024-07-26 08:00:00,0.0271,0.0325,55.38,68821.56
call,62000.0,2024-04-24 08:01:00,2024-07-26 08:00:00,0.1764,0.122,55.38,68821.56
put,62000.0,2024-04-24 08:01:00,2024-07-26 08:00:00,0.0309,0.042,55.38,68821.56
call,63000.0,2024-04-24 08:01:00,2024-07-26 08:00:00,0.1667,0.1145,55.38,68821.67
put,63000.0,2024-04-24 08:01:00,2024-07-26 08:00:00,0.035,0.044,55.38,68821.67
call,64000.0,2024-04-24 08:01:00,2024-07-26 08:00:00,0.1573,0.1215,55.38,68821.67
put,64000.0,2024-04-24 08:01:00,2024-07-26 08:00:00,0.0394,0.0465,55.38,68822.78
call,65000.0,2024-04-24 08:01:00,2024-07-26 08:00:00,0.1483,0.1195,55.38,68822.78
put,65000.0,2024-04-24 08:01:00,2024-07-26 08:00:00,0.0441,0.052,55.38,68822.78
call,66000.0,2024-04-24 08:01:00,2024-07-26 08:00:00,0.1396,0.11,55.39,68822.79
put,66000.0,2024-04-24 08:01:00,2024-07-26 08:00:00,0.0492,0.053,55.39,68822.79
call,67000.0,2024-04-24 08:01:00,2024-07-26 08:00:00,0.1313,0.125,55.39,68822.79
put,67000.0,2024-04-24 08:01:00,2024-07-26 08:00:00,0.0547,0.0645,55.39,68823.41
call,68000.0,2024-04-24 08:01:00,2024-07-26 08:00:00,0.1233,0.137,55.39,68823.41
put,68000.0,2024-04-24 08:01:00,2024-07-26 08:00:00,0.0605,0.071,55.39,68823.41
call,69000.0,2024-04-24 08:01:00,2024-07-26 08:00:00,0.115,0.1065,54.99,68826.5
put,69000.0,2024-04-24 08:01:00,2024-07-26 08:00:00,0.066,0.063,54.99,68826.5
call,70000.0,2024-04-24 08:01:00,2024-07-26 08:00:00,0.1088,0.108,55.62,68826.71
put,70000.0,2024-04-24 08:01:00,2024-07-26 08:00:00,0.0735,0.089,55.62,68826.71
call,71000.0,2024-04-24 08:01:00,2024-07-26 08:00:00,0.1018,0.098,55.6,68826.71
put,71000.0,2024-04-24 08:01:00,2024-07-26 08:00:00,0.0803,0.08,55.59,68829.57
call,72000.0,2024-04-24 08:01:00,2024-07-26 08:00:00,0.096,0.0885,56.12,68829.57
put,72000.0,2024-04-24 08:01:00,2024-07-26 08:00:00,0.0883,0.1155,56.12,68829.57
call,73000.0,2024-04-24 08:01:00,2024-07-26 08:00:00,0.09,0.08,56.28,68831.15
call,74000.0,2024-04-24 08:01:00,2024-07-26 08:00:00,0.0835,0.0765,55.95,68831.15
put,74000.0,2024-04-24 08:01:00,2024-07-26 08:00:00,0.1033,0.2105,55.94,68830.85
call,75000.0,2024-04-24 08:01:00,2024-07-26 08:00:00,0.0783,0.072,56.18,68830.85
put,75000.0,2024-04-24 08:01:00,2024-07-26 08:00:00,0.1118,0.151,56.18,68830.85
call,76000.0,2024-04-24 08:01:00,2024-07-26 08:00:00,0.0738,0.07,56.68,68831.43
put,76000.0,2024-04-24 08:01:00,2024-07-26 08:00:00,0.1211,0.2185,56.68,68831.43
call,77000.0,2024-04-24 08:01:00,2024-07-26 08:00:00,0.0688,0.0915,56.71,68830.37
call,78000.0,2024-04-24 08:01:00,2024-07-26 08:00:00,0.0643,0.075,56.87,68830.37
put,78000.0,2024-04-24 08:01:00,2024-07-26 08:00:00,0.1392,0.1965,56.87,68830.16
call,79000.0,2024-04-24 08:01:00,2024-07-26 08:00:00,0.0603,0.059,57.17,68830.16
put,79000.0,2024-04-24 08:01:00,2024-07-26 08:00:00,0.1489,0.5034,57.17,68830.48
call,80000.0,2024-04-24 08:01:00,2024-07-26 08:00:00,0.056,0.0695,57.17,68830.48
put,80000.0,2024-04-24 08:01:00,2024-07-26 08:00:00,0.1585,0.18,57.17,68830.48
call,82000.0,2024-04-24 08:01:00,2024-07-26 08:00:00,0.0493,0.0426,57.79,68830.37
call,84000.0,2024-04-24 08:01:00,2024-07-26 08:00:00,0.0428,0.039,58.01,68831.13
call,85000.0,2024-04-30 20:26:00,2024-07-26 08:00:00,0.04,0.052,58.26,68831.13
put,85000.0,2024-04-30 20:26:00,2024-07-26 08:00:00,0.2113,0.338,58.26,68831.0
call,86000.0,2024-04-24 08:01:00,2024-07-26 08:00:00,0.0373,0.049,58.38,68831.0
put,86000.0,2024-04-24 08:01:00,2024-07-26 08:00:00,0.2224,0.3685,58.38,68831.0
call,88000.0,2024-04-24 08:01:00,2024-07-26 08:00:00,0.034,0.0435,59.92,68831.0
put,88000.0,2024-04-24 08:01:00,2024-07-26 08:00:00,0.2467,0.216,59.92,68831.18
put,90000.0,2024-04-24 08:01:00,2024-07-26 08:00:00,0.2742,0.4075,63.63,68831.18
call,92000.0,2024-04-24 08:01:00,2024-07-26 08:00:00,0.0296,0.001,63.63,68832.21
call,95000.0,2024-04-24 08:01:00,2024-07-26 08:00:00,0.0239,0.0235,63.62,68832.68
put,95000.0,2024-04-24 08:01:00,2024-07-26 08:00:00,0.333,0.5065,63.62,68832.68
call,100000.0,2024-04-24 08:01:00,2024-07-26 08:00:00,0.0166,0.0215,63.62,68832.74
put,100000.0,2024-04-24 08:01:00,2024-07-26 08:00:00,0.3946,0.5545,63.62,68832.74
call,105000.0,2024-04-24 08:01:00,2024-07-26 08:00:00,0.0115,0.011,63.62,68834.55
call,110000.0,2024-04-24 08:01:00,2024-07-26 08:00:00,0.0082,0.0125,64.26,68834.55
call,120000.0,2024-04-24 08:01:00,2024-07-26 08:00:00,0.005,0.0045,67.24,68834.57
put,120000.0,2024-04-24 08:01:00,2024-07-26 08:00:00,0.6586,0.6195,67.24,68834.57
put,10000.0,2023-09-27 08:01:00,2024-09-27 08:00:00,0.0,0.0002,100.0,68834.61
call,15000.0,2023-09-27 08:01:00,2024-09-27 08:00:00,0.8001,0.8005,100.0,68834.71
put,15000.0,2023-09-27 08:01:00,2024-09-27 08:00:00,0.0002,0.0008,100.0,68834.71
call,20000.0,2023-09-27 08:01:00,2024-09-27 08:00:00,0.7338,0.696,92.29,68834.71
put,20000.0,2023-09-27 08:01:00,2024-09-27 08:00:00,0.0007,0.0018,92.29,68834.71
call,22000.0,2023-09-27 08:01:00,2024-09-27 08:00:00,0.7071,0.6715,86.43,68834.71
put,22000.0,2023-09-27 08:01:00,2024-09-27 08:00:00,0.0007,0.0007,86.43,68834.5
call,24000.0,2023-09-27 08:01:00,2024-09-27 08:00:00,0.6806,0.627,82.85,68834.5
put,24000.0,2023-09-27 08:01:00,2024-09-27 08:00:00,0.0009,0.0175,82.85,68834.5
call,25000.0,2023-10-24 13:40:00,2024-09-27 08:00:00,0.6673,0.6645,80.48,68834.98
put,25000.0,2023-10-24 13:40:00,2024-09-27 08:00:00,0.0009,0.0041,80.48,68834.98
put,26000.0,2023-09-27 08:01:00,2024-09-27 08:00:00,0.0011,0.024,79.9,68834.98
call,28000.0,2023-09-27 08:01:00,2024-09-27 08:00:00,0.6278,0.6245,76.71,68834.98
put,28000.0,2023-09-27 08:01:00,2024-09-27 08:00:00,0.0014,0.0037,76.71,68834.98
call,30000.0,2023-09-27 08:01:00,2024-09-27 08:00:00,0.6017,0.6015,75.8,68834.98
put,30000.0,2023-09-27 08:01:00,2024-09-27 08:00:00,0.002,0.0022,75.8,68835.05
call,32000.0,2023-09-27 08:01:00,2024-09-27 08:00:00,0.5753,0.524,72.17,68835.05
put,32000.0,2023-09-27 08:01:00,2024-09-27 08:00:00,0.0022,0.007,72.17,68835.05
call,34000.0,2023-09-28 14:42:00,2024-09-27 08:00:00,0.5492,0.554,70.09,68835.5
put,34000.0,2023-09-28 14:42:00,2024-09-27 08:00:00,0.0028,0.0095,70.09,68835.5
call,35000.0,2023-09-27 08:01:00,2024-09-27 08:00:00,0.5361,0.479,68.93,68835.5
put,35000.0,2023-09-27 08:01:00,2024-09-27 08:00:00,0.0031,0.0105,68.93,68834.99
call,36000.0,2023-10-02 07:57:00,2024-09-27 08:00:00,0.5233,0.4605,68.39,68834.99
put,36000.0,2023-10-02 07:57:00,2024-09-27 08:00:00,0.0036,0.005,68.39,68834.99
call,38000.0,2023-10-21 18:47:00,2024-09-27 08:00:00,0.4978,0.4495,67.33,68834.99
put,38000.0,2023-10-21 18:47:00,2024-09-27 08:00:00,0.0048,0.015,67.33,68835.17
call,40000.0,2023-09-27 08:01:00,2024-09-27 08:00:00,0.472,0.4765,65.03,68835.17
put,40000.0,2023-09-27 08:01:00,2024-09-27 08:00:00,0.0057,0.019,65.03,68836.31
call,42000.0,2023-10-24 02:42:00,2024-09-27 08:00:00,0.4473,0.456,64.69,68836.31
put,42000.0,2023-10-24 02:42:00,2024-09-27 08:00:00,0.0077,0.0155,64.69,68836.31
call,44000.0,2023-10-25 17:25:00,2024-09-27 08:00:00,0.4227,0.432,63.61,68836.25
put,44000.0,2023-10-25 17:25:00,2024-09-27 08:00:00,0.0097,0.0115,63.61,68836.25
call,45000.0,2023-10-02 07:46:00,2024-09-27 08:00:00,0.4106,0.42,63.23,68836.25
put,45000.0,2023-10-02 07:46:00,2024-09-27 08:00:00,0.011,0.0195,63.23,68836.73
call,46000.0,2023-11-09 06:27:00,2024-09-27 08:00:00,0.3985,0.4105,62.72,68836.73
put,46000.0,2023-11-09 06:27:00,2024-09-27 08:00:00,0.0122,0.0215,62.72,68836.73
call,48000.0,2023-12-01 08:38:00,2024-09-27 08:00:00,0.3753,0.388,62.53,68836.64
call,50000.0,2023-09-27 08:01:00,2024-09-27 08:00:00,0.353,0.3655,62.53,68836.64
put,50000.0,2023-09-27 08:01:00,2024-09-27 08:00:00,0.0202,0.033,62.53,68835.69
call,52000.0,2023-12-04 09:25:00,2024-09-27 08:00:00,0.3315,0.2095,62.53,68835.69
put,52000.0,2023-12-04 09:25:00,2024-09-27 08:00:00,0.0253,0.0041,62.53,68835.69
call,54000.0,2023-12-05 21:15:00,2024-09-27 08:00:00,0.3108,0.3215,62.53,68835.94
put,54000.0,2023-12-05 21:15:00,2024-09-27 08:00:00,0.0313,0.0505,62.53,68835.94
call,55000.0,2023-11-02 00:38:00,2024-09-27 08:00:00,0.3007,0.3075,62.53,68835.94
put,55000.0,2023-11-02 00:38:00,2024-09-27 08:00:00,0.0346,0.042,62.53,68836.02
call,56000.0,2024-01-02 05:01:00,2024-09-27 08:00:00,0.2909,0.302,62.53,68836.02
call,58000.0,2024-01-08 22:46:00,2024-09-27 08:00:00,0.2719,0.2525,62.53,68835.61
put,58000.0,2024-01-08 22:46:00,2024-09-27 08:00:00,0.0457,0.0445,62.53,68835.61
call,60000.0,2023-09-27 08:01:00,2024-09-27 08:00:00,0.2537,0.2645,62.53,68835.61
put,60000.0,2023-09-27 08:01:00,2024-09-27 08:00:00,0.0543,0.0505,62.53,68835.66
call,62000.0,2024-02-14 13:00:00,2024-09-27 08:00:00,0.2364,0.2375,62.53,68835.66
put,62000.0,2024-02-14 13:00:00,2024-09-27 08:00:00,0.0637,0.0595,62.53,68835.66
call,65000.0,2023-12-05 18:29:00,2024-09-27 08:00:00,0.2122,0.2165,62.53,68836.16
put,65000.0,2023-12-05 18:29:00,2024-09-27 08:00:00,0.0794,0.087,62.53,68836.71
call,70000.0,2023-09-27 08:01:00,2024-09-27 08:00:00,0.1713,0.177,60.32,68837.1
put,70000.0,2023-09-27 08:01:00,2024-09-27 08:00:00,0.1053,0.1185,60.32,68837.1
call,75000.0,2024-02-14 13:06:00,2024-09-27 08:00:00,0.1423,0.149,61.26,68836.21
put,75000.0,2024-02-14 13:06:00,2024-09-27 08:00:00,0.1429,0.1445,61.26,68836.77
call,80000.0,2023-10-16 13:30:00,2024-09-27 08:00:00,0.1175,0.1275,61.88,68836.13
put,80000.0,2023-10-16 13:30:00,2024-09-27 08:00:00,0.1849,0.1855,61.88,68836.28
call,85000.0,2024-02-28 11:52:00,2024-09-27 08:00:00,0.097,0.097,62.48,68836.26
put,85000.0,2024-02-28 11:52:00,2024-09-27 08:00:00,0.2311,0.387,62.48,68836.13
call,90000.0,2023-10-23 22:44:00,2024-09-27 08:00:00,0.0805,0.081,63.24,68836.05
put,90000.0,2023-10-23 22:44:00,2024-09-27 08:00:00,0.2813,0.29,63.24,68835.45
call,95000.0,2024-03-04 17:11:00,2024-09-27 08:00:00,0.0667,0.067,63.87,68835.45
put,95000.0,2024-03-04 17:11:00,2024-09-27 08:00:00,0.3343,0.5255,63.87,68835.69
call,100000.0,2023-11-09 10:22:00,2024-09-27 08:00:00,0.0557,0.0565,64.62,68835.69
put,100000.0,2023-11-09 10:22:00,2024-09-27 08:00:00,0.39,0.5955,64.62,68835.69
call,105000.0,2024-03-13 10:38:00,2024-09-27 08:00:00,0.0465,0.047,65.21,68835.55
put,105000.0,2024-03-13 10:38:00,2024-09-27 08:00:00,0.4475,0.613,65.21,68835.55
call,110000.0,2023-12-04 06:23:00,2024-09-27 08:00:00,0.0392,0.04,65.99,68835.55
put,110000.0,2023-12-04 06:23:00,2024-09-27 08:00:00,0.5069,0.6815,65.99,68835.52
call,120000.0,2024-01-09 21:13:00,2024-09-27 08:00:00,0.0285,0.029,67.59,68835.52
put,120000.0,2024-01-09 21:13:00,2024-09-27 08:00:00,0.6296,0.889,67.59,68835.52
call,130000.0,2024-02-26 19:45:00,2024-09-27 08:00:00,0.0207,0.0028,68.79,68835.43
put,130000.0,2024-02-26 19:45:00,2024-09-27 08:00:00,0.7553,1.055,68.79,68835.43
call,140000.0,2024-02-28 08:42:00,2024-09-27 08:00:00,0.0155,0.017,70.09,68835.43
put,140000.0,2024-02-28 08:42:00,2024-09-27 08:00:00,0.8835,0.9175,70.09,68835.39
call,160000.0,2024-03-04 20:38:00,2024-09-27 08:00:00,0.0095,0.008,73.06,68835.27
put,160000.0,2024-03-04 20:38:00,2024-09-27 08:00:00,1.1443,1.4575,73.06,68836.26
put,10000.0,2023-12-27 08:01:00,2024-12-27 08:00:00,0.0003,0.0007,100.0,68835.27
call,15000.0,2023-12-29 17:00:00,2024-12-27 08:00:00,0.8064,0.7365,90.48,68835.27
put,15000.0,2023-12-29 17:00:00,2024-12-27 08:00:00,0.0009,0.0013,90.48,68835.08
call,20000.0,2023-12-27 08:01:00,2024-12-27 08:00:00,0.7423,0.7335,81.54,68835.08
put,20000.0,2023-12-27 08:01:00,2024-12-27 08:00:00,0.0017,0.0034,81.54,68835.08
call,25000.0,2023-12-27 08:01:00,2024-12-27 08:00:00,0.6785,0.618,73.63,68835.1
put,25000.0,2023-12-27 08:01:00,2024-12-27 08:00:00,0.0028,0.0041,73.63,68835.1
call,30000.0,2023-12-27 08:01:00,2024-12-27 08:00:00,0.6161,0.607,69.84,68835.1
put,30000.0,2023-12-27 08:01:00,2024-12-27 08:00:00,0.0052,0.0095,69.84,68835.46
call,32000.0,2023-12-27 08:01:00,2024-12-27 08:00:00,0.5916,0.517,68.75,68835.46
put,32000.0,2023-12-27 08:01:00,2024-12-27 08:00:00,0.0067,0.0125,68.75,68835.46
call,34000.0,2023-12-27 08:01:00,2024-12-27 08:00:00,0.5677,0.573,68.23,68835.46
put,34000.0,2023-12-27 08:01:00,2024-12-27 08:00:00,0.0087,0.016,68.23,68835.46
call,35000.0,2024-02-09 17:51:00,2024-12-27 08:00:00,0.5557,0.558,67.68,68835.46
put,35000.0,2024-02-09 17:51:00,2024-12-27 08:00:00,0.0097,0.018,67.68,68835.46
call,36000.0,2023-12-27 08:01:00,2024-12-27 08:00:00,0.544,0.465,67.45,68829.91
put,36000.0,2023-12-27 08:01:00,2024-12-27 08:00:00,0.011,0.02,67.45,68829.91
call,38000.0,2023-12-27 08:01:00,2024-12-27 08:00:00,0.5206,0.5275,66.57,68829.91
put,38000.0,2023-12-27 08:01:00,2024-12-27 08:00:00,0.0135,0.0255,66.57,68815.41
call,40000.0,2023-12-27 08:01:00,2024-12-27 08:00:00,0.4981,0.504,66.38,68815.41
put,40000.0,2023-12-27 08:01:00,2024-12-27 08:00:00,0.017,0.0415,66.38,68815.41
call,42000.0,2023-12-27 08:01:00,2024-12-27 08:00:00,0.4756,0.485,65.69,68814.51
put,42000.0,2023-12-27 08:01:00,2024-12-27 08:00:00,0.0205,0.0385,65.69,68814.51
call,44000.0,2023-12-27 08:01:00,2024-12-27 08:00:00,0.4541,0.4645,65.42,68814.74
put,44000.0,2023-12-27 08:01:00,2024-12-27 08:00:00,0.025,0.0515,65.42,68814.74
call,45000.0,2024-02-28 17:26:00,2024-12-27 08:00:00,0.4437,0.363,65.42,68814.74
put,45000.0,2024-02-28 17:26:00,2024-12-27 08:00:00,0.0276,0.0302,65.43,68814.33
call,46000.0,2023-12-27 08:01:00,2024-12-27 08:00:00,0.4335,0.4425,65.43,68814.33
put,46000.0,2023-12-27 08:01:00,2024-12-27 08:00:00,0.0303,0.0535,65.43,68814.33
call,48000.0,2023-12-27 08:01:00,2024-12-27 08:00:00,0.4136,0.424,65.43,68813.71
put,48000.0,2023-12-27 08:01:00,2024-12-27 08:00:00,0.0364,0.0615,65.43,68813.71
call,50000.0,2023-12-27 08:01:00,2024-12-27 08:00:00,0.3944,0.4,65.43,68813.71
put,50000.0,2023-12-27 08:01:00,2024-12-27 08:00:00,0.0431,0.044,65.43,68813.6
call,52000.0,2023-12-27 08:01:00,2024-12-27 08:00:00,0.3758,0.3682,65.43,68813.6
put,52000.0,2023-12-27 08:01:00,2024-12-27 08:00:00,0.0505,0.053,65.43,68813.6
call,54000.0,2023-12-27 08:01:00,2024-12-27 08:00:00,0.358,0.3585,65.44,68813.08
put,54000.0,2023-12-27 08:01:00,2024-12-27 08:00:00,0.0586,0.056,65.44,68813.08
call,55000.0,2023-12-27 08:01:00,2024-12-27 08:00:00,0.3493,0.2995,65.44,68813.08
put,55000.0,2023-12-27 08:01:00,2024-12-27 08:00:00,0.0629,0.0405,65.44,68813.14
call,56000.0,2024-01-02 00:46:00,2024-12-27 08:00:00,0.3408,0.3465,65.44,68813.14
put,56000.0,2024-01-02 00:46:00,2024-12-27 08:00:00,0.0674,0.069,65.44,68813.14
call,58000.0,2024-01-02 05:11:00,2024-12-27 08:00:00,0.3243,0.331,65.44,68813.29
put,58000.0,2024-01-02 05:11:00,2024-12-27 08:00:00,0.0769,0.074,65.44,68813.29
call,60000.0,2023-12-27 08:01:00,2024-12-27 08:00:00,0.3085,0.3155,65.44,68813.29
put,60000.0,2023-12-27 08:01:00,2024-12-27 08:00:00,0.087,0.084,65.45,68813.26
call,62000.0,2024-02-12 19:15:00,2024-12-27 08:00:00,0.2934,0.285,65.45,68813.26
put,62000.0,2024-02-12 19:15:00,2024-12-27 08:00:00,0.0978,0.095,65.45,68813.26
call,65000.0,2023-12-27 08:01:00,2024-12-27 08:00:00,0.2718,0.269,65.45,68813.94
put,65000.0,2023-12-27 08:01:00,2024-12-27 08:00:00,0.1152,0.1242,65.45,68814.18
call,70000.0,2023-12-27 08:01:00,2024-12-27 08:00:00,0.2373,0.3133,64.79,68813.89
put,70000.0,2023-12-27 08:01:00,2024-12-27 08:00:00,0.1455,0.1445,64.79,68813.85
call,72000.0,2024-02-28 09:05:00,2024-12-27 08:00:00,0.2293,0.2195,65.58,68813.85
call,75000.0,2024-01-08 23:13:00,2024-12-27 08:00:00,0.2095,0.1715,65.26,68814.03
put,75000.0,2024-01-08 23:13:00,2024-12-27 08:00:00,0.1826,0.186,65.26,68815.15
call,80000.0,2023-12-27 08:01:00,2024-12-27 08:00:00,0.1853,0.179,65.76,68815.03
put,80000.0,2023-12-27 08:01:00,2024-12-27 08:00:00,0.2232,0.221,65.76,68815.03
call,85000.0,2024-02-27 05:28:00,2024-12-27 08:00:00,0.1643,0.164,66.3,68814.64
put,85000.0,2024-02-27 05:28:00,2024-12-27 08:00:00,0.2671,0.337,66.3,68814.07
call,90000.0,2023-12-27 08:01:00,2024-12-27 08:00:00,0.1455,0.111,66.68,68810.76
put,90000.0,2023-12-27 08:01:00,2024-12-27 08:00:00,0.3132,0.534,66.68,68810.76
call,95000.0,2024-02-28 19:17:00,2024-12-27 08:00:00,0.13,0.125,67.36,68810.76
put,95000.0,2024-02-28 19:17:00,2024-12-27 08:00:00,0.3626,0.4795,67.36,68810.76
call,100000.0,2023-12-27 08:01:00,2024-12-27 08:00:00,0.116,0.126,67.84,68809.97
put,100000.0,2023-12-27 08:01:00,2024-12-27 08:00:00,0.4135,0.4685,67.84,68809.97
call,105000.0,2024-03-05 02:49:00,2024-12-27 08:00:00,0.1037,0.101,68.32,68809.97
put,105000.0,2024-03-05 02:49:00,2024-12-27 08:00:00,0.4662,0.661,68.32,68809.99
call,110000.0,2023-12-27 08:01:00,2024-12-27 08:00:00,0.0932,0.0925,68.86,68809.99
put,110000.0,2023-12-27 08:01:00,2024-12-27 08:00:00,0.5206,1.0215,68.86,68809.99
call,120000.0,2023-12-27 08:34:00,2024-12-27 08:00:00,0.0752,0.08,69.63,68811.75
put,120000.0,2023-12-27 08:34:00,2024-12-27 08:00:00,0.6323,0.8105,69.63,68811.75
call,130000.0,2024-01-08 18:44:00,2024-12-27 08:00:00,0.062,0.0485,70.66,68811.75
put,130000.0,2024-01-08 18:44:00,2024-12-27 08:00:00,0.7488,0.9805,70.66,68812.78
call,140000.0,2024-02-15 00:22:00,2024-12-27 08:00:00,0.0515,0.0555,71.59,68812.78
put,140000.0,2024-02-15 00:22:00,2024-12-27 08:00:00,0.868,0.9045,71.59,68812.78
call,150000.0,2024-02-27 02:08:00,2024-12-27 08:00:00,0.0425,0.0345,72.13,68812.89
put,150000.0,2024-02-27 02:08:00,2024-12-27 08:00:00,0.9888,1.0285,72.13,68812.89
call,160000.0,2024-02-28 13:26:00,2024-12-27 08:00:00,0.036,0.04,73.02,68812.89
put,160000.0,2024-02-28 13:26:00,2024-12-27 08:00:00,1.112,1.4095,73.02,68812.53
call,180000.0,2024-03-04 23:08:00,2024-12-27 08:00:00,0.0262,0.0295,74.52,68812.41
put,180000.0,2024-03-04 23:08:00,2024-12-27 08:00:00,1.3618,1.402,74.52,68812.41
call,20000.0,2024-03-27 08:01:00,2025-03-28 08:00:00,0.7461,0.8035,82.93,68812.42
put,20000.0,2024-03-27 08:01:00,2025-03-28 08:00:00,0.0056,0.0055,82.93,68812.42
call,30000.0,2024-03-27 08:01:00,2025-03-28 08:00:00,0.6324,0.6245,81.13,68812.41
put,30000.0,2024-03-27 08:01:00,2025-03-28 08:00:00,0.0216,0.127,81.13,68812.41
call,40000.0,2024-03-27 08:01:00,2025-03-28 08:00:00,0.5345,0.6265,81.13,68812.29
put,40000.0,2024-03-27 08:01:00,2025-03-28 08:00:00,0.0535,0.034,81.13,68812.29
call,50000.0,2024-03-27 08:01:00,2025-03-28 08:00:00,0.4288,0.429,71.08,68811.74
put,50000.0,2024-03-27 08:01:00,2025-03-28 08:00:00,0.0776,0.1405,71.08,68811.74
call,60000.0,2024-03-27 08:01:00,2025-03-28 08:00:00,0.3444,0.144,67.7,68811.23
put,60000.0,2024-03-27 08:01:00,2025-03-28 08:00:00,0.1229,0.1465,67.7,68811.23
call,70000.0,2024-03-27 08:01:00,2025-03-28 08:00:00,0.2782,0.217,66.75,68810.7
put,70000.0,2024-03-27 08:01:00,2025-03-28 08:00:00,0.1865,0.098,66.75,68810.7
call,75000.0,2024-05-01 11:08:00,2025-03-28 08:00:00,0.2547,0.194,67.82,68811.07
put,75000.0,2024-05-01 11:08:00,2025-03-28 08:00:00,0.2279,0.3475,67.82,68811.07
call,80000.0,2024-03-27 08:01:00,2025-03-28 08:00:00,0.2318,0.237,68.18,68811.26
put,80000.0,2024-03-27 08:01:00,2025-03-28 08:00:00,0.2698,0.2795,68.18,68811.26
call,85000.0,2024-04-02 09:23:00,2025-03-28 08:00:00,0.211,0.209,68.49,68810.88
put,85000.0,2024-04-02 09:23:00,2025-03-28 08:00:00,0.3139,0.4605,68.49,68811.0
call,90000.0,2024-03-27 08:01:00,2025-03-28 08:00:00,0.1932,0.191,69.01,68810.66
put,90000.0,2024-03-27 08:01:00,2025-03-28 08:00:00,0.361,0.3715,69.01,68810.66
call,100000.0,2024-03-27 08:01:00,2025-03-28 08:00:00,0.1622,0.161,69.73,68810.92
put,100000.0,2024-03-27 08:01:00,2025-03-28 08:00:00,0.4598,0.456,69.73,68810.92
call,110000.0,2024-03-27 08:01:00,2025-03-28 08:00:00,0.1372,0.1555,70.41,68810.79
put,110000.0,2024-03-27 08:01:00,2025-03-28 08:00:00,0.5646,0.8935,70.41,68810.79
call,120000.0,2024-03-27 08:01:00,2025-03-28 08:00:00,0.118,0.1205,71.35,68811.13
put,120000.0,2024-03-27 08:01:00,2025-03-28 08:00:00,0.6751,0.9145,71.35,68811.13
call,130000.0,2024-03-27 08:01:00,2025-03-28 08:00:00,0.1007,0.114,71.77,68811.19
put,130000.0,2024-03-27 08:01:00,2025-03-28 08:00:00,0.7876,1.21,71.77,68811.19
call,140000.0,2024-03-27 08:01:00,2025-03-28 08:00:00,0.0872,0.102,72.4,68811.19
put,140000.0,2024-03-27 08:01:00,2025-03-28 08:00:00,0.9038,1.1955,72.4,68811.08
call,150000.0,2024-03-27 08:01:00,2025-03-28 08:00:00,0.0755,0.172,72.81,68811.08
put,150000.0,2024-03-27 08:01:00,2025-03-28 08:00:00,1.0218,1.529,72.81,68811.08
call,160000.0,2024-03-27 08:01:00,2025-03-28 08:00:00,0.0657,0.092,73.22,68811.08
put,160000.0,2024-03-27 08:01:00,2025-03-28 08:00:00,1.1418,1.6915,73.22,68811.08
call,170000.0,2024-03-27 08:01:00,2025-03-28 08:00:00,0.059,0.1205,73.67,68811.08
call,180000.0,2024-03-27 08:01:00,2025-03-28 08:00:00,0.052,0.0625,74.56,68811.07
put,180000.0,2024-03-27 08:01:00,2025-03-28 08:00:00,1.3876,2.017,74.56,68811.07
call,200000.0,2024-03-27 13:12:00,2025-03-28 08:00:00,0.0425,0.047,76.01,68811.06
put,200000.0,2024-03-27 13:12:00,2025-03-28 08:00:00,1.6376,1.6952,76.01,68811.06
